indicator_name,count,mean,std,min,25%,50%,75%,max
Expenditure on education as a percentage of total government expenditure (%),26.0,12.581719204230769,1.146708708013363,10.44075335,12.0841926425,12.369324590000002,13.34709798,14.73397243
Government expenditure on education as a percentage of GDP (%),26.0,5.054038268615384,0.5381904553434449,3.98845005,4.828402519,5.0195600989999996,5.5071175100000005,5.904580116
Initial government expenditure on education as a percentage of GDP (%),26.0,5.033673873384616,0.5308552740642695,3.98845005,4.751984954,5.062290192,5.4492650035,5.904580116
Initial government funding per pre-primary student as a percentage of GDP per capita,26.0,14.687808532730768,4.452634494635828,7.114610195,10.25853252525,15.68513012,17.715710165,22.75525093
Initial government funding per primary student as a percentage of GDP per capita,26.0,20.18586936423077,4.390725291336646,12.23176003,16.35735035,22.04767036,23.3844180125,25.80281067
Initial government funding per secondary student as a percentage of GDP per capita,26.0,23.70348658923077,2.472265954624613,20.81077003,22.359014985,23.18247986,24.496157645,30.95920944
Initial government funding per tertiary student as a percentage of GDP per capita,26.0,29.293581743076928,7.226335905995159,18.61681938,23.6636300125,27.77477074,37.3343925475,40.73984146
